input,output
Tell me about yourself.,"I'm a data scientist with hands-on experience in developing forecasting models, clustering solutions, LLM chatbots, and interactive dashboards. With a B.Tech in Mechanical Engineering and a certification in Artificial Intelligence. Besides this, I bring a practical, project-based understanding of Python, MongoDB,SQL, Dask, and tools like Streamlit and Power BI."
How many Total Years of Expirience do you have?,I have a total of 5 + years of expirience. In which 3 years is a non IT expirience and 2 is IT expirience.
How many years of expirience you have in data science?,I have a total of 2 years of expirience as data scientist. In that 1.5 years for OBLIQUE PYRAMID and rest is for EMPOVER.
What inspired you to pursue a career in data science?,"While working in operations and ed-tech, I realized the potential of data in improving business decisions. Thus after bit of research I came to the conclusion that learning AI and data science can help me incorporate my knowledge to make a buisness grow."
Walk me through your resume.,"I began in operations at Inflames Appliances, then worked as a Maths Expert at NCR Eduservices. Later I transitioned into IT as a data scientist at Oblique Pyramid, later absorbed by Empover, where I’ve worked on forecasting, clustering, chatbot development, dashboards, and APIs and developing data pipelines."
Explain me about yoour Data Science Expirience.,"I’ve worked as a Data Scientist at Oblique Pyramid and now at Empover i Tech, where I’ve built sales forecasting models, performed distributor segmentation using clustering, and fine-tuned LLMs for chatbot development. I also created dynamic dashboards using Streamlit and Power BI, and developed APIs to integrate machine learning outputs with business applications."
What are your strengths?,"My strengths include strong problem-solving ability, advanced Python programming, and the ability to deliver complete end-to-end data science solutions — from preprocessing to model deployment and visualization."
How do you handle failure or mistakes?,I view them as learning opportunities.
Tell me about a time you worked in a team.,"In the store clustering project, I collaborated with analysts, developers, and the business team to ensure technical accuracy, usability of dashboards, and actionable insights."
How do you handle tight deadlines?,"I break tasks into smaller chunks, prioritize high-impact items, and proactively communicate progress and blockers to stakeholders."
What motivates you?,Solving real-world problems using data and seeing the tangible impact of my work on business decisions is what motivates me the most.
What is your approach to time management?,I plan daily goals and prioritize tasks based on deadlines and dependencies.
What do you understand about our business and how data science can help?,"Based on my understanding, your business could leverage data science to optimize supply chain planning, customer segmentation, forecasting, and decision automation — areas I’ve already worked in."
What tools and technologies are you familiar with?,"Python, MongoDB, PostgreSQL, Dask, Pandas, Scikit-learn, Streamlit, Power BI, Knime, Docker, Flask, Postman, and Git."
What are your expectations from this role?,"I expect to work on meaningful data science projects, learn from experienced mentors, and contribute to the team’s success while expanding my technical and domain knowledge."
What makes a good data scientist?,"Curiosity, critical thinking, business understanding, strong communication, and the ability to translate data into insights and actions."
What is your understanding of the lifecycle of a data science project?,"It includes problem understanding, data collection, cleaning, EDA, modeling, evaluation, deployment, and monitoring."
Are you comfortable working in a cross-functional team?,"Absolutely. I’ve worked with frontend teams, analysts, and business stakeholders to build complete solutions."
Describe your ideal work environment.,"A collaborative, growth-oriented environment where I can work on impactful projects with supportive mentors and clear goals."
What kind of work culture brings out your best performance?,"Transparent communication, continuous learning, autonomy in problem-solving, and constructive feedback loops."
Why do you want to work as a data scientist?,"I enjoy the mix of logical thinking, creativity, and impact that data science offers — it’s a field where I can constantly learn while solving real problems."
Why do you want to join our company?,Your company’s focus on data-driven innovation aligns with my interest in applying analytics at scale. I’m excited about contributing to meaningful projects and growing my skills further.
Are you more comfortable working independently or in a team?,I'm comfortable in both settings. I enjoy deep individual work but thrive in team environments where knowledge is shared.
What type of management style do you prefer?,A collaborative and supportive style that encourages ownership while providing guidance when needed.
How would you handle a situation where your model shows bias?,"I’d analyze subgroup performance, revisit training data and features, consult stakeholders, and iterate to minimize bias without compromising fairness."
What’s more important: model accuracy or business value?,Business value — a slightly less accurate model that’s actionable is more useful than a highly accurate but unusable one.
How would you communicate bad news to a stakeholder?,"Honestly and clearly, supported by data and alternatives. I focus on explaining causes and proposing the next steps."
Tell me about about the forecasting project you completed.,I built a Prophet-based forecasting model to predict item-level sales. It included holiday and price effects and was deployed via APIs and dashboards for business use.
What challenges did you face while working on your project?,"Handling inconsistent and missing data, aligning business expectations with statistical limitations, and ensuring model scalability."
What visualization tools have you worked with?,"For tech purpose have used Power BI, Streamlit, Altair, and Matplotlib/Seaborn and a bit of Knime. Apart from that for project management have used Monday.com and jira."
Describe a time you presented data insights to a team.,"I presented segmentation results to sales heads using a Streamlit dashboard, explaining clusters and how to tailor strategies for each."
How do you explain a technical concept to a non-technical stakeholder?,"I use analogies, visuals, and business-focused language to help stakeholders connect the insight with outcomes."
How do you ensure your audience stays engaged during presentations?,"I keep it concise, interactive, and relevant by focusing on what the data means for them and including visual storytelling."
What are key components of a good data story?,"Clear problem, data insight, visualization, business relevance, and actionable recommendations."
Have you ever had to defend your analysis or decisions?,"Yes, in forecasting projects, I justified model choices and explained accuracy metrics to support my approach."
What would you do if your model is not performing as expected?,"Revisit data quality, re-engineer features, try alternate algorithms, and consult domain experts."
What steps do you take to clean data?,"I handle missing values, outliers, type mismatches, duplicate records, and inconsistencies — using tools like Pandas and Dask."
What was your role in API development?,"I designed backend APIs to serve forecasted and clustered data to frontend teams, including data filtering, downloads, and visualization endpoints."
How do you handle large datasets?,I use Dask for distributed processing and optimize memory by chunking data and using lazy evaluation.
How do you validate your results?,"Using appropriate metrics like RMSE, MAE, silhouette scores, DB index, and comparing predictions to actuals."
How do you handle sensitive or confidential data?,"By following security protocols, anonymization, access control, and secure storage practices."
Would you manipulate results under pressure?,No. I maintain integrity and would instead communicate issues transparently while exploring other legitimate options.
What’s your process for model selection?,"Based on data size, type, business objective, and baseline performance; I also experiment and validate multiple models before finalizing."
How do you document your work?,"Using Jupyter notebooks, markdown documentation, GitHub README files, and structured project folders."
What do you do when your assumptions are wrong?,"I iterate quickly — revisiting assumptions, reviewing data, and refining the model or approach."
What are your preferred industries?,"Retail analytics, supply chain, AI-powered applications — especially where analytics can drive efficiency and revenue."
Would you prefer working on research or business analytics?,Business analytics. I enjoy building models that directly impact business decisions.
Have you worked with version control?,"Yes, I use Git and GitHub for versioning code, experiments, and collaborative projects."
How do you simplify complex information for non-technical stakeholders?,"I use relatable analogies, visual aids like charts, and focus on the business impact rather than technical jargon."
Have you ever created a dashboard or a report?,"Yes, I’ve built dashboards using Streamlit and Power BI, including interactive sales and segmentation views with dynamic filters and exports."
Describe a time you presented data insights to a team.,"In the distributor segmentation project, I explained cluster behavior using Streamlit dashboards and dendrograms, making it easy for sales teams to interpret."
What visualization tools have you worked with?,"Power BI, Streamlit, Altair, Seaborn, Matplotlib."
How would you explain p-value to a non-technical person?,It tells us how likely the observed result could have happened by chance. A smaller p-value means stronger evidence that the pattern is real.
How do you ensure your audience stays engaged during presentations?,"I tailor content to their roles, include questions, use visuals, and keep the message focused and relevant."
What are key components of a good data story?,"A clear problem, clean visuals, actionable insights, and relevance to business outcomes."
Have you ever had to defend your analysis or decisions?,"Yes, I’ve defended feature selections and algorithm choices by presenting performance metrics and comparing with alternative approaches."
How do you handle questions in meetings that you don’t know the answer to?,"I acknowledge it, take note, and get back with a researched response. I prefer honesty over guesswork."
Do you tailor your communication style for different audiences?,"Yes. With developers, I go into technical detail. With business stakeholders, I focus on the value and outcomes."
How do you handle missing or incomplete data?,"I use techniques like imputation, deletion (when valid), and sometimes model-based filling depending on the business case and data volume."
What would you do if your model showed discrimination or bias?,"I’d investigate subgroup performance, assess features for bias, retrain with adjusted data, and recommend monitoring in production."
How do you ensure transparency in your models?,"I use interpretable models when needed, provide feature importance, document assumptions, and explain model logic in plain terms."
Have you ever encountered ethical dilemmas in your projects?,"I ensure all data is ethically sourced and anonymized. In one case, I flagged a feature that could have introduced gender bias before deployment."
What is your view on AI replacing human jobs?,"AI can automate repetitive tasks but should complement human decision-making. The goal is to augment, not replace, human roles."
How do you handle sensitive or confidential data?,"I follow best practices like access control, encryption, anonymization, and never expose PII in analysis or visuals."
Would you manipulate results under management pressure?,No. I would explain the data truthfully and work with them to explore valid alternatives or actionable insights.
What are the dangers of blindly trusting data?,"Data can be biased, incomplete, or outdated. Without context and validation, it can lead to poor decisions."
Have you ever faced data leakage in a project?,"Yes, early in my learning phase. I accidentally used future data during training. I now follow strict validation and cross-check data splits."
What are your thoughts on explainable AI?,"It's essential for trust, especially in sensitive domains like finance or healthcare. I aim to balance model complexity with interpretability."
What new skill or tool have you recently learned?,I recently explored Knime for data workflows and fine-tuned LLMs using instruction data for chatbot development.
Are you open to learning new programming languages or tools?,Absolutely. I enjoy learning and adapt quickly to new technologies based on project needs.
Have you completed any online certifications or courses?,"Yes, a Master Certification in Artificial Intelligence from Inside AIML."
How do you handle unfamiliar datasets?,"I perform detailed EDA, research domain context, consult with stakeholders, and iterate through multiple hypotheses."
Are you comfortable working in domains you're unfamiliar with?,Yes. I enjoy learning new domains and start by understanding the business objectives and KPIs.
What’s your long-term goal in data science?,To become a lead data scientist who can architect end-to-end systems and guide strategic AI initiatives across business units.
Are you willing to switch domains if needed?,"Yes. I believe data science skills are transferable, and domain changes help broaden problem-solving capabilities."
How do you handle a steep learning curve?,"I break it down into chunks, set short learning goals, apply them in mini-projects, and seek mentorship or peer discussion."
Are you willing to relocate?,"Yes, I’m open to relocation if the role offers learning, growth, and alignment with my goals."
Are you open to working in a hybrid or on-site setting?,"Yes, I am flexible and can work in on-site, remote, or hybrid setups depending on team requirements."
What are your salary expectations?,"I’m looking for a competitive offer aligned with my skills and market standards, but I’m open to discussion based on role and learning scope."
When can you join us?,"I can join within 30 days, and I am also open to discussing any urgency from your side."
Are you open to working overtime when required?,"Yes, especially when working toward deadlines or product releases. I value teamwork and accountability."
Do you have any other offers in hand?,"Not currently, but I’m in discussions with a few companies and evaluating roles based on growth and alignment with my interests."
Are you comfortable working with international teams?,"Yes, I’ve worked remotely and collaborated with cross-regional teams. Time zone coordination is not an issue for me."
What are your preferences for project assignments?,"I enjoy projects with a good mix of data wrangling, model building, and business impact — preferably in forecasting, clustering, or NLP."
Would you prefer working on research or business analytics?,"Business analytics, where I can build models that directly influence decisions and optimize operations."
Do you have any preferred industries or domains?,"Retail, supply chain, and manufacturing — especially where analytics drives strategic planning and efficiency."
What sets you apart from other candidates?,"I bring a rare mix of hands-on coding, dashboarding, and strong business understanding. I’ve built full-stack ML solutions and can align tech with impact."
Do you have any questions for us?,"Yes, I’d love to understand your team structure, the data stack in use, and opportunities for growth and mentorship."
What are your top 3 achievements so far?,"1) Forecast model integration with API, 2) Distributor segmentation with dashboard delivery, 3) LLM fine-tuned chatbot with multilingual and speech capability."
"If we offered you the role today, would you accept it?","If the role aligns with my career goals and learning expectations, then yes, I’d be excited to join your team."
Where do you see yourself in 2–3 years?,"In a senior data scientist role where I lead projects, mentor juniors, and contribute to strategic initiatives."
